,account_value,date,daily_return,datadate
0,10000000.0,2022-02-01,,2022-02-01
1,10000983.15687828,2022-02-02,9.831568782803224e-05,2022-02-02
2,9995799.189773943,2022-02-03,-0.0005183457489149,2022-02-03
3,9990877.748477172,2022-02-04,-0.0004923509569706,2022-02-04
4,9991407.900798034,2022-02-07,5.306363807155989e-05,2022-02-07
5,10000789.897608183,2022-02-08,0.0009390064847019,2022-02-08
6,10025129.955549238,2022-02-09,0.0024338135477552,2022-02-09
7,10005595.970038602,2022-02-10,-0.0019485019742635,2022-02-10
8,9969550.741235351,2022-02-11,-0.0036025069282417,2022-02-11
9,9960386.99933319,2022-02-14,-0.0009191730038805,2022-02-14
10,9970671.242242428,2022-02-15,0.0010325143902467,2022-02-15
11,9972118.462928766,2022-02-16,0.0001451477690095,2022-02-16
12,9923945.53839416,2022-02-17,-0.0048307613586509,2022-02-17
13,9923734.61360931,2022-02-18,-2.1254125592951038e-05,2022-02-18
14,9904099.696182627,2022-02-22,-0.0019785814707051,2022-02-22
15,9858563.22299499,2022-02-23,-0.0045977397829696,2022-02-23
16,9894098.690835943,2022-02-24,0.0036045280673424,2022-02-24
17,9951104.952902978,2022-02-25,0.0057616427578019,2022-02-25
18,9939468.873868171,2022-02-28,-0.0011693253251651,2022-02-28
19,9878611.442103188,2022-03-01,-0.0061228052059186,2022-03-01
20,9952635.37513236,2022-03-02,,2022-03-02
21,9947348.752214696,2022-03-03,-0.0005311781973721,2022-03-03
22,9882160.538694851,2022-03-04,-0.0065533254280776,2022-03-04
23,9776868.028431231,2022-03-07,-0.0106548066944806,2022-03-07
24,9783068.707892949,2022-03-08,0.0006342194088824,2022-03-08
25,9855403.84248649,2022-03-09,0.0073939105155402,2022-03-09
26,9870303.116790632,2022-03-10,0.0015117872937799,2022-03-10
27,9860323.623929918,2022-03-11,-0.0010110624509329,2022-03-11
28,9832569.197498832,2022-03-14,-0.0028147581651102,2022-03-14
29,9869188.520818256,2022-03-15,0.0037242883913533,2022-03-15
30,9933862.695141662,2022-03-16,0.0065531400263538,2022-03-16
31,9982297.370147811,2022-03-17,0.0048757141599951,2022-03-17
32,10014297.36156205,2022-03-18,0.0032056740274974,2022-03-18
33,10010644.734387595,2022-03-21,-0.0003647412337161,2022-03-21
34,10037190.582532018,2022-03-22,0.0026517620841377,2022-03-22
35,10005026.035489729,2022-03-23,-0.0032045368450277,2022-03-23
36,10032188.78873105,2022-03-24,0.0027149108003288,2022-03-24
37,10050412.067743655,2022-03-25,0.0018164808693668,2022-03-25
38,10062102.117546951,2022-03-28,0.0011631413443051,2022-03-28
39,10103573.918120472,2022-03-29,0.0041215841470341,2022-03-29
40,10077757.240626425,2022-03-30,,2022-03-30
41,10033749.563703433,2022-03-31,-0.0043668125627776,2022-03-31
42,10045128.555660646,2022-04-01,0.0011340717530341,2022-04-01
43,10037777.78829323,2022-04-04,-0.0007317743448166,2022-04-04
44,10009241.770216355,2022-04-05,-0.0028428621034184,2022-04-05
45,9992450.747809589,2022-04-06,-0.0016775518857713,2022-04-06
46,10024355.482377049,2022-04-07,0.0031928838452821,2022-04-07
47,10024129.515773196,2022-04-08,-2.2541758844085716e-05,2022-04-08
48,9982748.641711228,2022-04-11,-0.0041281264369993,2022-04-11
49,9970300.74461612,2022-04-12,-0.0012469408518506,2022-04-12
50,10020122.274955552,2022-04-13,0.0049969937332465,2022-04-13
51,9996980.656451885,2022-04-14,-0.0023095145816242,2022-04-14
52,9973343.82011422,2022-04-18,-0.0023643975266079,2022-04-18
53,10019269.23163766,2022-04-19,0.0046048158322604,2022-04-19
54,10083758.578762904,2022-04-20,0.0064365320099002,2022-04-20
55,10000574.643301416,2022-04-21,-0.00824929859355,2022-04-21
56,9864981.89218066,2022-04-22,-0.0135584959821863,2022-04-22
57,9808143.74747622,2022-04-25,-0.0057616065924551,2022-04-25
58,9681533.167218044,2022-04-26,-0.0129087198880781,2022-04-26
59,9692359.193875529,2022-04-27,0.0011182140752399,2022-04-27
60,9773562.794648388,2022-04-28,,2022-04-28
61,9668198.949082972,2022-04-29,-0.010780495074233,2022-04-29
62,9658287.131229809,2022-05-02,-0.0010251979614162,2022-05-02
63,9717021.365998104,2022-05-03,0.0060812268231684,2022-05-03
64,9830465.415676909,2022-05-04,0.0116747761897249,2022-05-04
65,9825620.4734274,2022-05-05,-0.0004928497324023,2022-05-05
66,9823254.305061158,2022-05-06,-0.0002408161777306,2022-05-06
67,9813111.326272016,2022-05-09,-0.0010325477152632,2022-05-09
68,9814646.317846496,2022-05-10,0.0001564225171246,2022-05-10
69,9801837.753363231,2022-05-11,-0.0013050459556521,2022-05-11
70,9809383.35114422,2022-05-12,0.0007698145971042,2022-05-12
71,9844696.388620188,2022-05-13,0.0035999242981821,2022-05-13
72,9834943.51339474,2022-05-16,-0.0009906730325091,2022-05-16
73,9868256.030142024,2022-05-17,0.0033871589299838,2022-05-17
74,9795185.343629649,2022-05-18,-0.007404620055376,2022-05-18
75,9798873.727720834,2022-05-19,0.0003765507197455,2022-05-19
76,9799108.792312814,2022-05-20,2.398893980171124e-05,2022-05-20
77,9824076.775071144,2022-05-23,0.0025479850553262,2022-05-23
78,9808497.678012656,2022-05-24,-0.0015858077471483,2022-05-24
79,9836380.754952049,2022-05-25,0.0028427469582723,2022-05-25
80,9902236.72419033,2022-05-26,,2022-05-26
81,9980281.86005764,2022-05-27,0.0078815663613303,2022-05-27
82,9930106.479706764,2022-05-31,-0.0050274512337855,2022-05-31
83,9893351.261932949,2022-06-01,-0.0037013921098359,2022-06-01
84,9977888.882554436,2022-06-02,0.0085448922597914,2022-06-02
85,9942033.365386773,2022-06-03,-0.0035934973409409,2022-06-03
86,9950031.359383583,2022-06-06,0.0008044625986327,2022-06-06
87,9980561.39922848,2022-06-07,0.0030683360425898,2022-06-07
88,9912925.967109872,2022-06-08,-0.006776716199936,2022-06-08
89,9816587.885563854,2022-06-09,-0.0097184304478473,2022-06-09
90,9713513.026799206,2022-06-10,-0.010500069878275,2022-06-10
91,9548310.109639743,2022-06-13,-0.0170075354512494,2022-06-13
92,9534424.669541365,2022-06-14,-0.0014542301139091,2022-06-14
93,9570430.616761403,2022-06-15,0.0037764153022323,2022-06-15
94,9435260.989551742,2022-06-16,-0.0141236724471863,2022-06-16
95,9442725.426258665,2022-06-17,0.0007911213812938,2022-06-17
96,9545366.568725782,2022-06-21,0.010869864137073,2022-06-21
97,9534121.63505631,2022-06-22,-0.0011780515277762,2022-06-22
98,9589863.193911174,2022-06-23,0.0058465332191595,2022-06-23
99,9764134.739849474,2022-06-24,0.0181724746656395,2022-06-24
100,9749574.7281765,2022-06-27,,2022-06-27
101,9654574.81243012,2022-06-28,-0.0097440061125771,2022-06-28
102,9599729.809550822,2022-06-29,-0.005680726903549,2022-06-29
103,9549372.23290732,2022-06-30,-0.0052457285405469,2022-06-30
104,9522091.16597871,2022-07-01,-0.0028568440168874,2022-07-01
105,9519129.636979498,2022-07-05,-0.0003110166608982,2022-07-05
106,9507526.639472997,2022-07-06,-0.0012189136978898,2022-07-06
107,9620419.29518278,2022-07-07,0.0118740299123731,2022-07-07
108,9621210.326539146,2022-07-08,8.222420791592633e-05,2022-07-08
109,9566126.615470331,2022-07-11,-0.0057252371790347,2022-07-11
110,9524058.127045132,2022-07-12,-0.0043976512245996,2022-07-12
111,9485781.390091617,2022-07-13,-0.0040189524720373,2022-07-13
112,9461070.87802186,2022-07-14,-0.0026050054342985,2022-07-14
113,9566763.236779656,2022-07-15,0.011171289182847,2022-07-15
114,9525631.219104216,2022-07-18,-0.0042994706419937,2022-07-18
115,9710922.469502311,2022-07-19,0.0194518605786964,2022-07-19
116,9763506.822072623,2022-07-20,0.0054149698687695,2022-07-20
117,9830721.18779131,2022-07-21,0.0068842442519458,2022-07-21
118,9795136.22202347,2022-07-22,-0.0036197716411724,2022-07-22
119,9792316.064068306,2022-07-25,-0.0002879141128045,2022-07-25
120,9764447.788403025,2022-07-26,,2022-07-26
121,9885090.915108712,2022-07-27,0.0123553455679259,2022-07-27
122,10002701.245681224,2022-07-28,0.0118977490022627,2022-07-28
123,10098347.826530298,2022-07-29,0.0095620751334917,2022-07-29
124,10100655.801801523,2022-08-01,0.0002285497896161,2022-08-01
125,10039464.561130747,2022-08-02,-0.0060581453196199,2022-08-02
126,10055342.29492515,2022-08-03,0.0015815319330749,2022-08-03
127,10069424.960907586,2022-08-04,0.0014005158222751,2022-08-04
128,10073069.826858744,2022-08-05,0.0003619735948485,2022-08-05
129,10060925.1888297,2022-08-08,-0.0012056541092033,2022-08-08
130,9896087.013267856,2022-08-09,-0.0163839977405714,2022-08-09
131,10081108.975276902,2022-08-10,0.0186964768762627,2022-08-10
132,10080869.489962723,2022-08-11,-2.375585015146342e-05,2022-08-11
133,10184224.608814936,2022-08-12,0.0102525996348945,2022-08-12
134,10230843.294130642,2022-08-15,0.0045775389984383,2022-08-15
135,10201255.918013318,2022-08-16,-0.0028919782335341,2022-08-16
136,10103677.061014872,2022-08-17,-0.0095653768303314,2022-08-17
137,10125535.578198176,2022-08-18,0.0021634219949135,2022-08-18
138,10025287.58111184,2022-08-19,-0.0099005130456688,2022-08-19
139,9837254.937129144,2022-08-22,-0.0187558354273008,2022-08-22
140,9808562.500605706,2022-08-23,,2022-08-23
141,9834855.37793209,2022-08-24,0.0026806045559439,2022-08-24
142,9988165.384441491,2022-08-25,0.0155884352761714,2022-08-25
143,9706668.701784424,2022-08-26,-0.028183021788521,2022-08-26
144,9623240.03544056,2022-08-29,-0.00859498442844,2022-08-29
145,9552380.50463248,2022-08-30,-0.0073633755935753,2022-08-30
146,9511046.34369078,2022-08-31,-0.0043271057849563,2022-08-31
147,9524084.451682469,2022-09-01,0.0013708384462174,2022-09-01
148,9444752.584352806,2022-09-02,-0.0083296056153353,2022-09-02
149,9410948.579661468,2022-09-06,-0.0035791307807619,2022-09-06
150,9556231.6900222,2022-09-07,0.0154376691287754,2022-09-07
151,9695373.519281195,2022-09-08,0.0145603239616172,2022-09-08
152,9799811.740780665,2022-09-09,0.0107719647202628,2022-09-09
153,9852595.392513094,2022-09-12,0.00538619038086,2022-09-12
154,9507942.379977664,2022-09-13,-0.0349809363731031,2022-09-13
155,9510084.577272732,2022-09-14,0.0002253060872117,2022-09-14
156,9434397.88456544,2022-09-15,-0.0079585719866432,2022-09-15
157,9392126.853107989,2022-09-16,-0.0044805224429435,2022-09-16
158,9413089.846142156,2022-09-19,0.0022319750746586,2022-09-19
159,9310762.964056768,2022-09-20,-0.0108707006687422,2022-09-20
160,9195421.534174718,2022-09-21,,2022-09-21
161,9103474.600749768,2022-09-22,-0.0099992080932047,2022-09-22
162,8998914.591381084,2022-09-23,-0.011485725391058,2022-09-23
163,8895369.384128964,2022-09-26,-0.0115064107121645,2022-09-26
164,8895612.7520424,2022-09-27,2.7358944067135127e-05,2022-09-27
165,9075528.951685537,2022-09-28,0.0202252733631898,2022-09-28
166,9007882.102067769,2022-09-29,-0.0074537638497866,2022-09-29
167,8926833.299170697,2022-09-30,-0.0089975425942204,2022-09-30
168,9173874.322058896,2022-10-03,0.027673981871169,2022-10-03
169,9419351.470899418,2022-10-04,0.026758285564286,2022-10-04
170,9438374.01617606,2022-10-05,0.0020195175151294,2022-10-05
171,9337551.36256793,2022-10-06,-0.0106822057946988,2022-10-06
172,9115554.93694785,2022-10-07,-0.0237745868269074,2022-10-07
173,9014061.78424767,2022-10-10,-0.0111340618757943,2022-10-10
174,8931470.121759687,2022-10-11,-0.0091625356542723,2022-10-11
175,8873677.639941106,2022-10-12,-0.0064706572412733,2022-10-12
176,9052709.61157845,2022-10-13,0.0201756226563276,2022-10-13
177,8866602.96392506,2022-10-14,-0.0205581152647775,2022-10-14
178,9064739.968681194,2022-10-17,0.0223464392803287,2022-10-17
179,9200038.715966009,2022-10-18,0.0149258277404835,2022-10-18
180,9074191.204781314,2022-10-19,,2022-10-19
181,8996714.737739544,2022-10-20,-0.0085381126861142,2022-10-20
182,9226828.7859239,2022-10-21,0.0255775641322792,2022-10-21
183,9381447.883578075,2022-10-24,0.0167575557368155,2022-10-24
184,9558344.281972231,2022-10-25,0.0188559805042256,2022-10-25
185,9548785.93851243,2022-10-26,-0.0009999999139842,2022-10-26
186,9547945.33894731,2022-10-27,-8.803208811392071e-05,2022-10-27
187,9556728.366712008,2022-10-28,0.0009198866827264,2022-10-28
188,9555902.89972192,2022-10-31,-8.637547897272224e-05,2022-10-31
189,9557141.649832169,2022-11-01,0.0001296319273278,2022-11-01
190,9537018.020261783,2022-11-02,-0.0021056117307561,2022-11-02
191,9547452.383846683,2022-11-03,0.0010940907905103,2022-11-03
192,9546183.887842195,2022-11-04,-0.0001328622498952,2022-11-04
193,9547651.008003062,2022-11-07,0.0001536865597919,2022-11-07
194,9547202.441456435,2022-11-08,-4.698187504448281e-05,2022-11-08
195,9535357.995390534,2022-11-09,-0.0012406195572505,2022-11-09
196,9581509.436776375,2022-11-10,0.0048400323730009,2022-11-10
197,9595710.280735424,2022-11-11,0.0014821092702304,2022-11-11
198,9588145.23500903,2022-11-14,-0.0007883778798096,2022-11-14
199,9591013.432088498,2022-11-15,0.0002991399284395,2022-11-15
200,9573758.417668942,2022-11-16,,2022-11-16
201,9562691.040052608,2022-11-17,-0.0011560117911383,2022-11-17
202,9573133.529732373,2022-11-18,0.0010920032484609,2022-11-18
203,9576876.600168742,2022-11-21,0.000390997412158,2022-11-21
204,9603493.19044004,2022-11-22,0.0027792558453587,2022-11-22
205,9605413.509067427,2022-11-23,0.0001999604299505,2022-11-23
206,9613828.75409005,2022-11-25,0.0008760939874872,2022-11-25
207,9573453.02868424,2022-11-28,-0.0041997550027748,2022-11-28
208,9570113.090458142,2022-11-29,-0.0003488749791836,2022-11-29
209,9601402.136578135,2022-11-30,0.0032694541667632,2022-11-30
210,9605789.400977563,2022-12-01,0.0004569399694984,2022-12-01
211,9606105.71966326,2022-12-02,3.293000423898462e-05,2022-12-02
212,9565104.50525691,2022-12-05,-0.0042682451768588,2022-12-05
213,9540577.693172064,2022-12-06,-0.002564196979904,2022-12-06
214,9546378.454184037,2022-12-07,0.0006080094097578,2022-12-07
215,9559124.350302288,2022-12-08,0.0013351551249956,2022-12-08
216,9533519.059401875,2022-12-09,-0.0026786230581467,2022-12-09
217,9556066.546083365,2022-12-12,0.0023650749047647,2022-12-12
218,9577353.88499431,2022-12-13,0.0022276256457913,2022-12-13
219,9569648.74370379,2022-12-14,-0.0008045167154773,2022-12-14
220,9529697.14122767,2022-12-15,,2022-12-15
221,9503113.02484646,2022-12-16,-0.0027896076850333,2022-12-16
222,9493843.62994994,2022-12-19,-0.0009754061508356,2022-12-19
223,9494749.879880795,2022-12-20,9.545658915222076e-05,2022-12-20
224,9529584.593715154,2022-12-21,0.0036688395455439,2022-12-21
225,9502098.984288909,2022-12-22,-0.0028842400375326,2022-12-22
226,9515525.1046498,2022-12-23,0.0014129636392015,2022-12-23
227,9518873.246467955,2022-12-27,0.0003518609620942,2022-12-27
228,9490505.109196544,2022-12-28,-0.0029801990778622,2022-12-28
229,9533436.0603141,2022-12-29,0.0045235686218592,2022-12-29
230,9514993.266443836,2022-12-30,-0.0019345379518552,2022-12-30
231,9514135.534228692,2023-01-03,-9.014533075613064e-05,2023-01-03
232,9544198.010059897,2023-01-04,0.0031597695579435,2023-01-04
233,9515804.60667111,2023-01-05,-0.0029749386338023,2023-01-05
234,9564397.52511632,2023-01-06,0.005106548574058,2023-01-06
235,9580975.72074143,2023-01-09,0.0017333235660244,2023-01-09
236,9634781.029391948,2023-01-10,0.0056158485543427,2023-01-10
237,9686584.574968165,2023-01-11,0.0053767226694807,2023-01-11
238,9669011.451384306,2023-01-12,-0.0018141712848168,2023-01-12
239,9684420.769738544,2023-01-13,0.0015936808464562,2023-01-13
240,9688885.249856342,2023-01-17,,2023-01-17
241,9655183.774090135,2023-01-18,-0.0034783646309263,2023-01-18
242,9600707.193942249,2023-01-19,-0.0056422105909653,2023-01-19
243,9676657.237831416,2023-01-20,0.0079108801419429,2023-01-20
244,9744899.028025411,2023-01-23,0.0070522070294274,2023-01-23
245,9731516.32186088,2023-01-24,-0.001373303728037,2023-01-24
246,9721528.321048496,2023-01-25,-0.0010263560664175,2023-01-25
247,9836363.06836526,2023-01-26,0.0118124170937332,2023-01-26
248,9816261.179465571,2023-01-27,-0.0020436302279587,2023-01-27
249,9760475.036432063,2023-01-30,-0.0056830336941529,2023-01-30
250,9834697.521930788,2023-01-31,0.0076043927392548,2023-01-31
251,9886395.855717182,2023-02-01,0.0052567284017743,2023-02-01
252,9891883.659583908,2023-02-02,0.0005550863981995,2023-02-02
253,9854522.80413272,2023-02-03,-0.0037769202243893,2023-02-03
254,9838596.303447362,2023-02-06,-0.0016161615333294,2023-02-06
255,9881942.001980953,2023-02-07,0.0044056791433146,2023-02-07
256,9827582.95031935,2023-02-08,-0.0055008470653548,2023-02-08
257,9771424.46924067,2023-02-09,-0.005714373652461,2023-02-09
258,9788542.610742368,2023-02-10,0.0017518573218864,2023-02-10
259,9859706.87272554,2023-02-13,0.0072701590842616,2023-02-13
260,9847183.223136,2023-02-14,,2023-02-14
261,9875493.581640592,2023-02-15,0.0028749702186992,2023-02-15
262,9808860.625006584,2023-02-16,-0.0067473039279662,2023-02-16
263,9795857.120051583,2023-02-17,-0.0013256896445084,2023-02-17
264,9692259.712347137,2023-02-21,-0.010575634825501,2023-02-21
265,9662708.822199216,2023-02-22,-0.0030489164575597,2023-02-22
266,9686184.002999697,2023-02-23,0.0024294616791669,2023-02-23
267,9659876.462772224,2023-02-24,-0.0027159860084554,2023-02-24
268,9701004.834494086,2023-02-27,0.0042576498654371,2023-02-27
269,9716553.76264362,2023-02-28,0.0016028162458228,2023-02-28
270,9715862.784140771,2023-03-01,-7.111353672550891e-05,2023-03-01
271,9738339.845950546,2023-03-02,0.0023134396099604,2023-03-02
272,9792907.411387784,2023-03-03,0.0056033745279415,2023-03-03
273,9775372.910668992,2023-03-06,-0.0017905306342834,2023-03-06
274,9731598.522963615,2023-03-07,-0.0044780273965405,2023-03-07
275,9729774.693439633,2023-03-08,-0.0001874131489991,2023-03-08
276,9631191.93580775,2023-03-09,-0.0101320699335775,2023-03-09
277,9516834.564599996,2023-03-10,-0.0118736467895096,2023-03-10
278,9468870.988708586,2023-03-13,-0.0050398665192542,2023-03-13
279,9526225.912169617,2023-03-14,0.006057208248948,2023-03-14
280,9418299.975615662,2023-03-15,,2023-03-15
281,9471509.720619865,2023-03-16,0.0056496124716738,2023-03-16
282,9349814.41762098,2023-03-17,-0.0128485644409938,2023-03-17
283,9401704.77320086,2023-03-20,0.0055498808064131,2023-03-20
284,9496070.72664271,2023-03-21,0.0100371108983166,2023-03-21
285,9425137.495102577,2023-03-22,-0.00746974549601,2023-03-22
286,9425627.854777794,2023-03-23,5.2026792762616125e-05,2023-03-23
287,9446386.756821718,2023-03-24,0.0022023893117528,2023-03-24
288,9445696.751827003,2023-03-27,-7.304433033239466e-05,2023-03-27
289,9474179.43962051,2023-03-28,0.0030154141660323,2023-03-28
290,9526066.043346494,2023-03-29,0.0054766329956763,2023-03-29
291,9542497.605837137,2023-03-30,0.0017249053718368,2023-03-30
292,9605138.089193111,2023-03-31,0.00656436982679,2023-03-31
293,9595968.64443506,2023-04-03,-0.0009546395557153,2023-04-03
294,9493743.399623545,2023-04-04,-0.0106529365194204,2023-04-04
295,9498517.863441383,2023-04-05,0.0005029063475667,2023-04-05
296,9497341.934521846,2023-04-06,-0.0001238013063136,2023-04-06
297,9537891.43449128,2023-04-10,0.0042695630260547,2023-04-10
298,9580643.136991473,2023-04-11,0.0044823012291366,2023-04-11
299,9594229.457354993,2023-04-12,0.0014181010783151,2023-04-12
300,9629091.988547772,2023-04-13,,2023-04-13
301,9633928.286038753,2023-04-14,0.0005022589353942,2023-04-14
302,9636220.086085204,2023-04-17,0.0002378884270679,2023-04-17
303,9634746.65904757,2023-04-18,-0.0001529050835774,2023-04-18
304,9620745.894145066,2023-04-19,-0.0014531534038164,2023-04-19
305,9606352.642047722,2023-04-20,-0.0014960640532147,2023-04-20
306,9609416.000968715,2023-04-21,0.000318888868142,2023-04-21
307,9648823.727006525,2023-04-24,0.0041009491142682,2023-04-24
308,9585668.15027864,2023-04-25,-0.006545417194338,2023-04-25
309,9505347.721416576,2023-04-26,-0.0083792206868468,2023-04-26
310,9589296.78111414,2023-04-27,0.0088317715624874,2023-04-27
311,9625517.38699659,2023-04-28,0.0037771910400965,2023-04-28
312,9647408.218342911,2023-05-01,0.0022742498367822,2023-05-01
313,9597001.166952074,2023-05-02,-0.0052249319454521,2023-05-02
314,9569691.36923343,2023-05-03,-0.0028456595183803,2023-05-03
315,9521422.247010851,2023-05-04,-0.0050439580922914,2023-05-04
316,9609985.637589589,2023-05-05,0.0093014875594388,2023-05-05
317,9593237.910745071,2023-05-08,-0.0017427421305403,2023-05-08
318,9567276.87433311,2023-05-09,-0.0027061808175199,2023-05-09
319,9581915.823479827,2023-05-10,0.0015301061460855,2023-05-10
320,9559839.90140074,2023-05-11,,2023-05-11
321,9541517.938557403,2023-05-12,-0.0019165554059805,2023-05-12
322,9582578.917437166,2023-05-15,0.00430340110915,2023-05-15
323,9508082.0614024,2023-05-16,-0.0077741969752218,2023-05-16
324,9552628.941665731,2023-05-17,0.0046851594228627,2023-05-17
325,9571847.79963259,2023-05-18,0.002011892023046,2023-05-18
326,9575728.616527963,2023-05-19,0.0004054407233182,2023-05-19
327,9565223.653876424,2023-05-22,-0.0010970405566224,2023-05-22
328,9510441.30181592,2023-05-23,-0.0057272421474746,2023-05-23
329,9454579.94156067,2023-05-24,-0.0058736875064445,2023-05-24
330,9490238.931335866,2023-05-25,0.0037716101609597,2023-05-25
331,9531154.441122606,2023-05-26,0.0043113255717557,2023-05-26
332,9519538.872551916,2023-05-30,-0.0012186948225887,2023-05-30
333,9457381.776272884,2023-05-31,-0.0065294230226059,2023-05-31
334,9512825.47308292,2023-06-01,0.0058624784450529,2023-06-01
335,9648695.555486271,2023-06-02,0.0142828314035405,2023-06-02
336,9628882.223419886,2023-06-05,-0.0020534726121728,2023-06-05
337,9629541.25143862,2023-06-06,6.844283723106415e-05,2023-06-06
338,9649691.804376991,2023-06-07,0.0020925766256372,2023-06-07
339,9689053.65779842,2023-06-08,0.0040790788161311,2023-06-08
340,9661838.460685384,2023-06-09,,2023-06-09
341,9750478.83865936,2023-06-12,0.009174276545262,2023-06-12
342,9804563.056463972,2023-06-13,0.0055468268481519,2023-06-13
343,9785778.352231992,2023-06-14,-0.0019159144700073,2023-06-14
344,9858954.084137704,2023-06-15,0.0074777630630702,2023-06-15
345,9841808.349387908,2023-06-16,-0.0017391028098387,2023-06-16
346,9769755.277045624,2023-06-20,-0.0073211212598713,2023-06-20
347,9783176.968459776,2023-06-21,0.0013738001652596,2023-06-21
348,9797897.93003524,2023-06-22,0.0015047219960269,2023-06-22
349,9757148.5861915,2023-06-23,-0.0041589884008512,2023-06-23
350,9780367.275523815,2023-06-26,0.0023796592956653,2023-06-26
351,9851219.068920758,2023-06-27,0.0072442876019853,2023-06-27
352,9864459.36324882,2023-06-28,0.001344025976423,2023-06-28
353,9879354.80929669,2023-06-29,0.00151001139539,2023-06-29
354,9949056.601654332,2023-06-30,0.0070552980131912,2023-06-30
355,9926659.942828355,2023-07-03,-0.0022511339238187,2023-07-03
356,9899376.660461156,2023-07-05,-0.0027484856461624,2023-07-05
357,9845053.976030435,2023-07-06,-0.0054874853532635,2023-07-06
358,9820020.134835782,2023-07-07,-0.0025427835393897,2023-07-07
359,9911584.855037617,2023-07-10,0.0093242904744172,2023-07-10
360,9927426.10908501,2023-07-11,,2023-07-11
361,9966838.524666844,2023-07-12,0.0039700537832021,2023-07-12
362,9998621.712328,2023-07-13,0.003188893607787,2023-07-13
363,9990767.078186205,2023-07-14,-0.0007855716885568,2023-07-14
364,10033987.047270628,2023-07-17,0.0043259910621666,2023-07-17
365,10049108.473523011,2023-07-18,0.0015070207068381,2023-07-18
366,10075564.485613022,2023-07-19,0.0026326725559502,2023-07-19
367,10095100.852235714,2023-07-20,0.0019389848231916,2023-07-20
368,10137892.011845447,2023-07-21,0.0042388045682828,2023-07-21
369,10124160.003688153,2023-07-24,-0.0013545230252256,2023-07-24
370,10122684.122471884,2023-07-25,-0.0001457781401844,2023-07-25
371,10073033.575959392,2023-07-26,-0.004904879566702,2023-07-26
372,10063355.114634268,2023-07-27,-0.00096082885579,2023-07-27
373,10114292.08832824,2023-07-28,0.0050616293585721,2023-07-28
374,10120218.441577123,2023-07-31,0.00058593851128,2023-07-31
375,10080806.841081817,2023-08-01,-0.0038943428664931,2023-08-01
376,10091920.439042158,2023-08-02,0.0011024512358526,2023-08-02
377,10000567.048695777,2023-08-03,-0.0090521314449693,2023-08-03
378,9944979.996720145,2023-08-04,-0.0055583900097828,2023-08-04
379,10019073.98606772,2023-08-07,0.0074503909884195,2023-08-07
380,9999386.87436957,2023-08-08,,2023-08-08
381,9996025.015109193,2023-08-09,-0.0003362065397223,2023-08-09
382,10001883.937360013,2023-08-10,0.0005861252089669,2023-08-10
383,9995330.93702382,2023-08-11,-0.0006551766024514,2023-08-11
384,10006072.65878752,2023-08-14,0.0010746739484042,2023-08-14
385,9951647.798783086,2023-08-15,-0.0054391829702171,2023-08-15
386,9847899.956743032,2023-08-16,-0.0104251923036043,2023-08-16
387,9819117.05566564,2023-08-17,-0.0029227450729415,2023-08-17
388,9833755.903323265,2023-08-18,0.001490851730826,2023-08-18
389,9893669.93060214,2023-08-21,0.0060926901041575,2023-08-21
390,9878181.37081433,2023-08-22,-0.0015655019721146,2023-08-22
391,9935589.87763675,2023-08-23,0.0058116473738816,2023-08-23
392,9850907.861216422,2023-08-24,-0.008523099027158,2023-08-24
393,9893205.660130218,2023-08-25,0.0042937970296448,2023-08-25
394,9933865.547448529,2023-08-28,0.0041098799231646,2023-08-28
395,9988332.392528048,2023-08-29,0.0054829456689706,2023-08-29
396,10011771.488277232,2023-08-30,0.0023466475511686,2023-08-30
397,9975923.243704066,2023-08-31,-0.0035806095469859,2023-08-31
398,10019721.759793617,2023-09-01,0.0043904223217829,2023-09-01
399,9937310.30953553,2023-09-05,-0.0082249240282081,2023-09-05
400,9908364.460393457,2023-09-06,,2023-09-06
401,9869537.9962703,2023-09-07,-0.003918554296055,2023-09-07
402,9837650.211581731,2023-09-08,-0.0032309298267677,2023-09-08
403,9852272.388369994,2023-09-11,0.0014863485155272,2023-09-11
404,9848838.89759088,2023-09-12,-0.0003484973459694,2023-09-12
405,9865397.3368373,2023-09-13,0.0016812580060043,2023-09-13
406,9951968.110523138,2023-09-14,0.008775193814301,2023-09-14
407,9909866.560724324,2023-09-15,-0.0042304747494412,2023-09-15
408,9930258.472108526,2023-09-18,0.0020577382408981,2023-09-18
409,9973633.325389547,2023-09-19,0.0043679480652845,2023-09-19
410,9917642.149804372,2023-09-20,-0.0056139195976495,2023-09-20
411,9801896.018710012,2023-09-21,-0.0116707307388221,2023-09-21
412,9754165.303747624,2023-09-22,-0.0048695390025846,2023-09-22
413,9781112.583390469,2023-09-25,0.0027626433224881,2023-09-25
414,9710127.76691994,2023-09-26,-0.0072573355909499,2023-09-26
415,9699057.872412344,2023-09-27,-0.0011400359267476,2023-09-27
416,9743738.12778744,2023-09-28,0.004606659323292,2023-09-28
417,9659283.425172657,2023-09-29,-0.0086675874810236,2023-09-29
418,9578920.87440285,2023-10-02,-0.0083197217880962,2023-10-02
419,9488549.456904972,2023-10-03,-0.0094344048440124,2023-10-03
420,9584482.892776096,2023-10-04,,2023-10-04
421,9566125.049649304,2023-10-05,-0.0019153712654261,2023-10-05
422,9652945.196078956,2023-10-06,0.0090757904563285,2023-10-06
423,9614117.086187309,2023-10-09,-0.0040224106842976,2023-10-09
424,9721710.252035577,2023-10-10,0.0111911645015065,2023-10-10
425,9801499.212818062,2023-10-11,0.0082072967321544,2023-10-11
426,9671647.634183288,2023-10-12,-0.0132481343736639,2023-10-12
427,9677950.422661852,2023-10-13,0.0006516768100905,2023-10-13
428,9791240.528435066,2023-10-16,0.0117060018728691,2023-10-16
429,9824905.24072522,2023-10-17,0.0034382479107104,2023-10-17
430,9596076.016751893,2023-10-18,-0.0232907308891703,2023-10-18
431,9529007.961372456,2023-10-19,-0.0069891125562524,2023-10-19
432,9429948.779041652,2023-10-20,-0.0103955398854065,2023-10-20
433,9458661.36643436,2023-10-23,0.0030448296237324,2023-10-23
434,9509969.25597957,2023-10-24,0.0054244345534226,2023-10-24
435,9358079.405775022,2023-10-25,-0.0159716447147338,2023-10-25
436,9343135.823770436,2023-10-26,-0.0015968642022169,2023-10-26
437,9211758.034863206,2023-10-27,-0.0140614234219932,2023-10-27
438,9269822.678132173,2023-10-30,0.006303318329597,2023-10-30
439,9347970.506740188,2023-10-31,0.0084303477338751,2023-10-31
440,9421096.709376909,2023-11-01,,2023-11-01
441,9671470.25996048,2023-11-02,0.0265758391307429,2023-11-02
442,9809248.217283456,2023-11-03,0.0142458130583693,2023-11-03
443,9842704.20610696,2023-11-06,0.003410657787674,2023-11-06
444,9773561.838030009,2023-11-07,-0.0070247329015591,2023-11-07
445,9737039.453437228,2023-11-08,-0.0037368551197646,2023-11-08
446,9603643.720819963,2023-11-09,-0.0136998245981405,2023-11-09
447,9730286.976012114,2023-11-10,0.0131870005670451,2023-11-10
448,9783484.94988606,2023-11-13,0.0054672564134126,2023-11-13
449,9862371.431709277,2023-11-14,0.0080632292304116,2023-11-14
450,9717614.057316622,2023-11-15,-0.0146777451442595,2023-11-15
451,9646990.433228446,2023-11-16,-0.007267588903163,2023-11-16
452,9736032.470035084,2023-11-17,0.0092300326638594,2023-11-17
453,9800459.776204176,2023-11-20,0.0066174087203778,2023-11-20
454,9771806.026816992,2023-11-21,-0.0029237148094578,2023-11-21
455,9805537.25055698,2023-11-22,0.0034518924799999,2023-11-22
456,9834438.870676182,2023-11-24,0.0029474795088417,2023-11-24
457,9786917.489876766,2023-11-27,-0.0048321395276667,2023-11-27
458,9751703.348607907,2023-11-28,-0.0035980829822345,2023-11-28
459,9828729.90135854,2023-11-29,0.0078987793206022,2023-11-29
460,9907804.147622043,2023-11-30,,2023-11-30
461,9979415.107990544,2023-12-01,0.0072277327348753,2023-12-01
462,9951612.819420682,2023-12-04,-0.0027859637332453,2023-12-04
463,9899066.14626701,2023-12-05,-0.0052802167957265,2023-12-05
464,9911241.772001011,2023-12-06,0.0012299772073542,2023-12-06
465,9942944.423345052,2023-12-07,0.0031986558368093,2023-12-07
466,9941969.665695475,2023-12-08,-9.803510993033893e-05,2023-12-08
467,10055931.978013285,2023-12-11,0.0114627499529624,2023-12-11
468,10089936.001183229,2023-12-12,0.003381488980265,2023-12-12
469,10659303.01706104,2023-12-13,0.0564291999286261,2023-12-13
470,10807150.016003696,2023-12-14,0.0138702313562169,2023-12-14
471,10769506.723441102,2023-12-15,-0.0034831840500826,2023-12-15
472,10724238.282619584,2023-12-18,-0.0042033903672659,2023-12-18
473,10795894.52628228,2023-12-19,0.0066817093927153,2023-12-19
474,10630218.413282013,2023-12-20,-0.0153462144889369,2023-12-20
475,10731051.62772073,2023-12-21,0.0094855261217146,2023-12-21
476,10801242.88783959,2023-12-22,0.0065409488793752,2023-12-22
477,10872743.958892502,2023-12-26,0.0066197077313585,2023-12-26
478,10886456.759178974,2023-12-27,0.001261208793136,2023-12-27
479,10911176.87687534,2023-12-28,0.0022707220763564,2023-12-28
480,10858922.51304859,2023-12-29,,2023-12-29
481,10848433.1827729,2024-01-02,-0.0009659641887198,2024-01-02
482,10720277.729293771,2024-01-03,-0.0118132684526865,2024-01-03
483,10769949.09035853,2024-01-04,0.0046334024471239,2024-01-04
484,10800435.654199405,2024-01-05,0.0028307064021468,2024-01-05
485,10896482.75519495,2024-01-08,0.0088928913675998,2024-01-08
486,10851296.617301712,2024-01-09,-0.0041468553576792,2024-01-09
487,10873659.431906585,2024-01-10,0.0020608426249462,2024-01-10
488,10935335.625501862,2024-01-11,0.0056720733237518,2024-01-11
489,10968952.938496994,2024-01-12,0.0030741912408005,2024-01-12
490,10947300.62010312,2024-01-16,-0.0019739640160076,2024-01-16
491,10844436.99844114,2024-01-17,-0.009396254403856,2024-01-17
492,10911402.788020348,2024-01-18,0.0061751282790276,2024-01-18
493,11006712.69368639,2024-01-19,0.0087348902352577,2024-01-19
494,11086001.631858105,2024-01-22,0.0072036892738369,2024-01-22
495,11083071.285150472,2024-01-23,-0.0002643285473827,2024-01-23
496,10939480.720440084,2024-01-24,-0.0129558459939508,2024-01-24
497,11105857.368581371,2024-01-25,0.0152088250249773,2024-01-25
498,11075130.732674452,2024-01-26,-0.0027667054318423,2024-01-26
499,11195696.173920766,2024-01-29,0.0108861415866283,2024-01-29
500,11251665.53059496,2024-01-30,,2024-01-30
501,11047503.95531136,2024-01-31,-0.0181450092636022,2024-01-31
502,11191533.06016484,2024-02-01,0.0130372530696616,2024-02-01
503,11119470.064273434,2024-02-02,-0.0064390638444261,2024-02-02
504,11102871.839630192,2024-02-05,-0.0014927172380787,2024-02-05
505,11046023.673648084,2024-02-06,-0.0051201316923426,2024-02-06
506,11043502.386458045,2024-02-07,-0.0002282529229097,2024-02-07
507,11081210.170175992,2024-02-08,0.0034144768931445,2024-02-08
508,11127443.1369413,2024-02-09,0.0041721947382371,2024-02-09
509,11169761.97482334,2024-02-12,0.0038031052921354,2024-02-12
510,11014169.198981091,2024-02-13,-0.0139298201871225,2024-02-13
511,11172001.914704757,2024-02-14,0.0143299701386705,2024-02-14
512,11315351.540156277,2024-02-15,0.0128311493809218,2024-02-15
513,11237269.466482917,2024-02-16,-0.0069005433367458,2024-02-16
514,11173680.945111794,2024-02-20,-0.0056587164311387,2024-02-20
515,11189876.123350758,2024-02-21,0.0014494040342227,2024-02-21
516,11379554.3755412,2024-02-22,0.0169508804297329,2024-02-22
517,11410410.807631116,2024-02-23,0.0027115677004223,2024-02-23
518,11468914.032523563,2024-02-26,0.0051271795449574,2024-02-26
519,11480443.173972944,2024-02-27,0.0010052513617839,2024-02-27
520,11494917.430240491,2024-02-28,,2024-02-28
521,11479378.401171308,2024-02-29,-0.0013518173717632,2024-02-29
522,11696177.671902752,2024-03-01,0.0188859765010729,2024-03-01
523,11632538.422848944,2024-03-04,-0.0054410296114676,2024-03-04
524,11506600.8333689,2024-03-05,-0.0108263205245617,2024-03-05
525,11538910.65286475,2024-03-06,0.0028079378057637,2024-03-06
526,11592583.12253408,2024-03-07,0.0046514329891276,2024-03-07
527,11605365.108786436,2024-03-08,0.0011026003537992,2024-03-08
528,11607639.439132554,2024-03-11,0.0001959723218356,2024-03-11
529,11668933.445604837,2024-03-12,0.0052804884915398,2024-03-12
530,11682960.189884469,2024-03-13,0.0012020588124028,2024-03-13
531,11598792.225794708,2024-03-14,-0.0072043354356917,2024-03-14
532,11624824.7479749,2024-03-15,0.0022444166317849,2024-03-15
533,11672222.281376883,2024-03-18,0.0040772686409953,2024-03-18
534,11769670.8005539,2024-03-19,0.0083487545754241,2024-03-19
535,11825900.299618935,2024-03-20,0.0047774912330078,2024-03-20
536,11932594.431064611,2024-03-21,0.0090220726323149,2024-03-21
537,11883826.087161535,2024-03-22,-0.0040869857921355,2024-03-22
538,11843227.753639912,2024-03-25,-0.0034162678941829,2024-03-25
539,11861488.756931912,2024-03-26,0.0015418941247995,2024-03-26
540,11979947.47065414,2024-03-27,,2024-03-27
541,12005331.287948476,2024-03-28,0.0021188588144076,2024-03-28
542,11942890.890865635,2024-04-01,-0.0052010557297589,2024-04-01
543,11767683.920655591,2024-04-02,-0.0146703986338894,2024-04-02
544,11793858.180750463,2024-04-03,0.0022242490766537,2024-04-03
545,11630409.348744651,2024-04-04,-0.013858809348122,2024-04-04
546,11750537.234235758,2024-04-05,0.010328775358545,2024-04-05
547,11742177.50895554,2024-04-08,-0.0007114334530902,2024-04-08
548,11718354.666787686,2024-04-09,-0.0020288266081555,2024-04-09
549,11535516.238956854,2024-04-10,-0.0156027388681991,2024-04-10
550,11571870.35735272,2024-04-11,0.0031514947092783,2024-04-11
551,11401245.28661186,2024-04-12,-0.0147448135410923,2024-04-12
552,11324339.249684704,2024-04-15,-0.006745406751091,2024-04-15
553,11259095.18675403,2024-04-16,-0.0057614013049362,2024-04-16
554,11176117.569035776,2024-04-17,-0.0073698300211435,2024-04-17
555,11178833.952977791,2024-04-18,0.000243052556063,2024-04-18
556,11219972.621115718,2024-04-19,0.0036800500222984,2024-04-19
557,11306575.324977243,2024-04-22,0.0077186198920435,2024-04-22
558,11497431.638519112,2024-04-23,0.0168801169280894,2024-04-23
559,11443739.832420943,2024-04-24,-0.0046698956589825,2024-04-24
560,11496694.074310897,2024-04-25,,2024-04-25
561,11485904.280336518,2024-04-26,-0.0009385127502425,2024-04-26
562,11553923.606801322,2024-04-29,0.0059219827019845,2024-04-29
563,11357621.499275306,2024-04-30,-0.0169900818290386,2024-04-30
564,11393419.952352433,2024-05-01,0.0031519322139244,2024-05-01
565,11405395.791864304,2024-05-02,0.0010511189407529,2024-05-02
566,11474174.839775948,2024-05-03,0.0060303955396887,2024-05-03
567,11594232.288120346,2024-05-06,0.0104632751392468,2024-05-06
568,11671195.656376917,2024-05-07,0.0066380736856055,2024-05-07
569,11738066.4782708,2024-05-08,0.0057295605234195,2024-05-08
570,11802427.420196991,2024-05-09,0.0054830957079119,2024-05-09
571,11867926.642927436,2024-05-10,0.0055496399510459,2024-05-10
572,11875490.421814464,2024-05-13,0.000637329427001,2024-05-13
573,11851537.745161556,2024-05-14,-0.0020169842088296,2024-05-14
574,11972730.120318148,2024-05-15,0.0102258776677373,2024-05-15
575,11985406.78843224,2024-05-16,0.0010587951107807,2024-05-16
576,12022540.025215838,2024-05-17,0.0030982041276594,2024-05-17
577,12037657.919389842,2024-05-20,0.0012574625779824,2024-05-20
578,12053300.857503444,2024-05-21,0.00129950013685,2024-05-21
579,12022627.41206544,2024-05-22,-0.0025448170422883,2024-05-22
580,11928984.744897775,2024-05-23,,2024-05-23
581,12038207.427262155,2024-05-24,0.0091560752821899,2024-05-24
582,11890908.984720478,2024-05-28,-0.0122359116531005,2024-05-28
583,11765890.517941816,2024-05-29,-0.0105137855263468,2024-05-29
584,11798420.366803143,2024-05-30,0.0027647587585253,2024-05-30
585,11983352.876603276,2024-05-31,0.0156743448742062,2024-05-31
586,12050809.472841844,2024-06-03,0.0056291921746101,2024-06-03
587,12088334.2685856,2024-06-04,0.0031138817544433,2024-06-04
588,12193284.51421752,2024-06-05,0.0086819443688497,2024-06-05
589,12136621.85962774,2024-06-06,-0.0046470378447833,2024-06-06
590,12113475.734650936,2024-06-07,-0.001907130768719,2024-06-07
591,12146919.241991583,2024-06-10,0.0027608514742785,2024-06-10
592,12090508.379663393,2024-06-11,-0.0046440468734807,2024-06-11
593,12158952.914624888,2024-06-12,0.0056610138144912,2024-06-12
594,12175461.397960054,2024-06-13,0.0013577224495466,2024-06-13
595,12077931.942794766,2024-06-14,-0.0080103292990298,2024-06-14
596,12146864.373770874,2024-06-17,0.0057073041396984,2024-06-17
597,12174712.899497513,2024-06-18,0.0022926514094265,2024-06-18
598,12195152.782907449,2024-06-20,0.0016788801164073,2024-06-20
599,12183931.95406188,2024-06-21,-0.0009201056391271,2024-06-21
600,12305761.449308766,2024-06-24,,2024-06-24
601,12211685.152076812,2024-06-25,-0.0076448984989253,2024-06-25
602,12171322.736611005,2024-06-26,-0.0033052289641567,2024-06-26
603,12107742.972685032,2024-06-27,-0.0052237349466321,2024-06-27
604,12080600.452588242,2024-06-28,-0.0022417489500746,2024-06-28
605,11990455.875621216,2024-07-01,-0.0074619285126437,2024-07-01
606,12029112.818341898,2024-07-02,0.0032239760624346,2024-07-02
607,11960295.520480229,2024-07-03,-0.0057208955390907,2024-07-03
608,12063531.228349444,2024-07-05,0.0086315348723984,2024-07-05
609,12101869.027379457,2024-07-08,0.0031779914441567,2024-07-08
610,12111937.885220785,2024-07-09,0.0008320084954271,2024-07-09
611,12236037.8298924,2024-07-10,0.0102460849657302,2024-07-10
612,12407343.2519424,2024-07-11,0.01400007293468,2024-07-11
613,12481385.107852891,2024-07-12,0.0059675834227364,2024-07-12
614,12396826.42050944,2024-07-15,-0.0067747839372612,2024-07-15
615,12536119.885830842,2024-07-16,0.0112362197062754,2024-07-16
616,12445234.066045484,2024-07-17,-0.0072499162909317,2024-07-17
617,12435737.765925543,2024-07-18,-0.0007630471286873,2024-07-18
618,12408293.345397083,2024-07-19,-0.0022068992644456,2024-07-19
619,12451091.88803658,2024-07-22,0.0034491884941914,2024-07-22
620,12433180.538759084,2024-07-23,,2024-07-23
621,12317613.408345258,2024-07-24,-0.0092950576928855,2024-07-24
622,12374038.574222583,2024-07-25,0.0045808521510424,2024-07-25
623,12512428.853885897,2024-07-26,0.0111839217918394,2024-07-26
624,12497417.647807328,2024-07-29,-0.0011997036110145,2024-07-29
625,12526462.946495911,2024-07-30,0.002324104027497,2024-07-30
626,12506438.128652588,2024-07-31,-0.0015986011317684,2024-07-31
627,12431895.351707898,2024-08-01,-0.0059603522743946,2024-08-01
628,12208065.423466368,2024-08-02,-0.0180044894128537,2024-08-02
629,11879600.487157645,2024-08-05,-0.0269055681563885,2024-08-05
630,12021499.847852586,2024-08-06,0.0119447923226325,2024-08-06
631,11880996.658400545,2024-08-07,-0.0116876588803633,2024-08-07
632,12066974.103098905,2024-08-08,0.0156533538427401,2024-08-08
633,12084957.054044737,2024-08-09,0.0014902618330152,2024-08-09
634,11979674.341255045,2024-08-12,-0.0087118814174399,2024-08-12
635,12077061.933890916,2024-08-13,0.0081294023411382,2024-08-13
636,12107266.399192931,2024-08-14,0.002500977925538,2024-08-14
637,12253312.9884421,2024-08-15,0.0120627220409477,2024-08-15
638,12290868.227643104,2024-08-16,0.0030649049148119,2024-08-16
639,12422255.453082064,2024-08-19,0.0106898245921682,2024-08-19
